ru_greeting,"–ü—Ä–∏–≤–µ—Ç, —Ä–∞–¥ –≤–∏–¥–µ—Ç—å —Ç–µ–±—è! –° —É–¥–æ–≤–æ–ª—å—Å—Ç–≤–∏–µ–º –ø–æ–º–æ–≥—É —Ç–µ–±–µ c –ø–æ—Å—Ç—É–ø–ª–µ–Ω–∏–µ–º –Ω–∞ –Ω–∞—à–µ –Ω–∞–ø—Ä–∞–≤–ª–µ–Ω–∏–µ. –ü–æ–∂–∞–ª—É–π—Å—Ç–∞, –≤—ã–±–µ—Ä–∏ —è–∑—ã–∫."
ru_default,"–ï—Å–ª–∏ —è –Ω–µ –∑–Ω–∞—é –æ—Ç–≤–µ—Ç –Ω–∞ —Ç–≤–æ–π –≤–æ–ø—Ä–æ—Å, –ø–æ–∂–∞–ª—É–π—Å—Ç–∞, –Ω–∞–ø–∏—à–∏ –º–µ–Ω–µ–¥–∂–µ—Ä—É –ø—Ä–æ–≥—Ä–∞–º–º—ã –¢–∞–ª–≥–∞—Ç—É (mlmanager@itmo.ru –∏–ª–∏ galimzhanovitmo@gmail.com)."
–°–ø–∏—Å–æ–∫ –¥–æ–∫—É–º–µ–Ω—Ç–æ–≤,"üìå*–°–ø–∏—Å–æ–∫ –¥–æ–∫—É–º–µ–Ω—Ç–æ–≤*\n\n–î–æ–∫—É–º–µ–Ω—Ç—ã, –Ω–µ–æ–±—Ö–æ–¥–∏–º—ã–µ –¥–ª—è –ø–æ–¥–∞—á–∏ –∑–∞—è–≤–ª–µ–Ω–∏—è –≤ –º–∞–≥–∏—Å—Ç—Ä–∞—Ç—É—Ä—É:\n\n1. –ó–∞—è–≤–ª–µ–Ω–∏–µ\n2. –û—Ä–∏–≥–∏–Ω–∞–ª –∏ –∫–æ–ø–∏—é –¥–æ–∫—É–º–µ–Ω—Ç–∞ –æ –≤—ã—Å—à–µ–º –æ–±—Ä–∞–∑–æ–≤–∞–Ω–∏\n3. –§–æ—Ç–æ–≥—Ä–∞—Ñ–∏–∏ 3√ó4 —Å–º ‚Äì 2 —à—Ç—É–∫–∏\n4.–î–æ–∫—É–º–µ–Ω—Ç (–¥–æ–∫—É–º–µ–Ω—Ç—ã), —É–¥–æ—Å—Ç–æ–≤–µ—Ä—è—é—â–∏–π –ª–∏—á–Ω–æ—Å—Ç—å, –≥—Ä–∞–∂–¥–∞–Ω—Å—Ç–≤–æ\n\n[–ò–Ω—Å—Ç—Ä—É–∫—Ü–∏—è –ø–æ –∑–∞–ø–æ–ª–Ω–µ–Ω–∏—é –¥–æ–∫—É–º–µ–Ω—Ç–æ–≤](https://abit.itmo.ru/page/91/).\n\n–ü—Ä–∏–µ–º –¥–æ–∫—É–º–µ–Ω—Ç–æ–≤ –Ω–∞—á–∏–Ω–∞–µ—Ç—Å—è *1 —Ñ–µ–≤—Ä–∞–ª—è* –∏ –∑–∞–≤–µ—Ä—à–∞–µ—Ç—Å—è *3 –∞–≤–≥—É—Å—Ç–∞ 2020 –≥*. –î–æ–∫—É–º–µ–Ω—Ç—ã –Ω–µ–æ–±—Ö–æ–¥–∏–º–æ –ø–æ–¥–∞–≤–∞—Ç—å –≤ –ø—Ä–∏–µ–º–Ω—É—é –∫–æ–º–∏—Å—Å–∏—é —É–Ω–∏–≤–µ—Ä—Å–∏—Ç–µ—Ç–∞ –ø–æ –∞–¥—Ä–µ—Å—É: –°–∞–Ω–∫—Ç-–ü–µ—Ç–µ—Ä–±—É—Ä–≥, –ö—Ä–æ–Ω–≤–µ—Ä–∫—Å–∫–∏–π –ø—Ä., 49. –ü—Ä–∏–µ–º–Ω–∞—è –∫–æ–º–∏—Å—Å–∏—è —Ä–∞–±–æ—Ç–∞–µ—Ç: –ø–æ–Ω–µ–¥–µ–ª—å–Ω–∏–∫ - –ø—è—Ç–Ω–∏—Ü–∞ —Å 10:00 –¥–æ 17:00.\n\n*–ö–æ–Ω—Ç–∞–∫—Ç—ã*: (812) 457-18-58, magistr@itmo.ru\n
–î–æ–∫—É–º–µ–Ω—Ç—ã –≤ —ç–ª–µ–∫—Ç—Ä–æ–Ω–Ω–æ–π —Ñ–æ—Ä–º–µ –ø—Ä–∏–Ω–∏–º–∞—é—Ç—Å—è —á–µ—Ä–µ–∑ –ª–∏—á–Ω—ã–π –∫–∞–±–∏–Ω–µ—Ç –≤ –∏–Ω—Ñ–æ—Ä–º–∞—Ü–∏–æ–Ω–Ω–æ–π —Å–∏—Å—Ç–µ–º–µ ¬´–ü–æ—Å—Ç—É–ø–ª–µ–Ω–∏–µ 2020¬ª –Ω–∞ [—Å–∞–π—Ç–µ](http://abit.itmo.ru/).\n\n
[–ü–æ–¥—Ä–æ–±–Ω–µ–µ –æ –ø—Ä–∞–≤–∏–ª–∞—Ö –ø—Ä–∏–µ–º–∞ –≤ –º–∞–≥–∏—Å—Ç—Ä–∞—Ç—É—Ä—É](https://abit.itmo.ru/page/79/)"
–í—Å—Ç—É–ø,"üìé*–í—Å—Ç—É–ø–∏—Ç–µ–ª—å–Ω—ã–π —ç–∫–∑–∞–º–µ–Ω*\n\n–ü—Ä–∏–µ–º –∑–∞—è–≤–ª–µ–Ω–∏–π –∏ –¥–æ–∫—É–º–µ–Ω—Ç–æ–≤, –Ω–µ–æ–±—Ö–æ–¥–∏–º—ã—Ö –¥–ª—è —É—á–∞—Å—Ç–∏—è –≤–æ –≤—Å—Ç—É–ø–∏—Ç–µ–ª—å–Ω–æ–º —ç–∫–∑–∞–º–µ–Ω–µ, –ø—Ä–æ–≤–æ–¥–∏—Ç—Å—è —Å 1 —Ñ–µ–≤—Ä–∞–ª—è –ø–æ 3 –∞–≤–≥—É—Å—Ç–∞ 2020 –≥.\n\n[–û –ø—Ä–æ—Ü–µ–¥—É—Ä–µ –≤—Å—Ç—É–ø–∏—Ç–µ–ª—å–Ω–æ–≥–æ —ç–∫–∑–∞–º–µ–Ω–∞](https://abit.itmo.ru/page/79/#Ekz)\n\n–°–ø–∏—Å–æ–∫ –≤–æ–ø—Ä–æ—Å–æ–≤ –¥–æ—Å—Ç—É–ø–µ–Ω –≤ —Ä–∞–∑–¥–µ–ª–µ –ø—Ä–æ–≥—Ä–∞–º–º—ã –Ω–∞ —Å–∞–π—Ç–µ –ü–æ—Å—Ç—É–ø–ª–µ–Ω–∏–µ 2020: https://abit.itmo.ru/program/13382/.\n\n*–†–∞—Å–ø–∏—Å–∞–Ω–∏–µ —ç–∫–∑–∞–º–µ–Ω–æ–≤ –Ω–∞—Ö–æ–¥–∏—Ç—Å—è –≤ –ø—Ä–æ—Ü–µ—Å—Å–µ –ø–æ–¥–≥–æ—Ç–æ–≤–∫–∏, —Å–ª–µ–¥–∏—Ç–µ –∑–∞ –æ–±–Ω–æ–≤–ª–µ–Ω–∏—è–º–∏.*\n\n
–†–µ–∑—É–ª—å—Ç–∞—Ç—ã –º–æ–∂–Ω–æ –±—É–¥–µ—Ç –ø–æ—Å–º–æ—Ç—Ä–µ—Ç—å –Ω–∞ https://abit.itmo.ru/\n\n–í —Å–≤—è–∑–∏ —Å —É—Ö—É–¥—à–∞—é—â–µ–π—Å—è –æ–±—Å—Ç–∞–Ω–æ–≤–∫–æ–π –≤ –º–∏—Ä–µ, —Å–≤—è–∑–∞–Ω–Ω–æ–π —Å –∫–æ—Ä–æ–Ω–∞–≤–∏—Ä—É—Å–æ–º, –µ—Å—Ç—å –≤–µ—Ä–æ—è—Ç–Ω–æ—Å—Ç—å, —á—Ç–æ –≤—Å–µ —ç–∫–∑–∞–º–µ–Ω—ã –±—É–¥—É—Ç –¥–∏—Å—Ç–∞–Ω—Ü–∏–æ–Ω–Ω—ã–º–∏. –°–ª–µ–¥–∏ –∑–∞ –æ–±—ä—è–≤–ª–µ–Ω–∏—è–º–∏ –Ω–∞ —Å–∞–π—Ç–µ!"
–î–∏—Å—Ç–∞,"üìé*–î–∏—Å—Ç–∞–Ω—Ü–∏–æ–Ω–Ω—ã–π —ç–∫–∑–∞–º–µ–Ω*\n\n–î–∏—Å—Ç–∞–Ω—Ü–∏–æ–Ω–Ω—ã–µ —ç–∫–∑–∞–º–µ–Ω—ã –ø—Ä–æ–≤–æ–¥—è—Ç—Å—è –≤ –ø–µ—Ä–∏–æ–¥ —Å –Ω–∞—á–∞–ª–∞ –ø—Ä–∏–µ–º–∞ –¥–æ–∫—É–º–µ–Ω—Ç–æ–≤ –ø–æ 4 –∞–≤–≥—É—Å—Ç–∞ 2020 –≥–æ–¥–∞. –ü—Ä–∏–µ–º –∑–∞—è–≤–ª–µ–Ω–∏–π –∏ –¥–æ–∫—É–º–µ–Ω—Ç–æ–≤, –Ω–µ–æ–±—Ö–æ–¥–∏–º—ã—Ö –¥–ª—è –ø–æ—Å—Ç—É–ø–ª–µ–Ω–∏—è, –ø—Ä–æ–∏–∑–≤–æ–¥–∏—Ç—Å—è —Å 1 —Ñ–µ–≤—Ä–∞–ª—è –ø–æ 3 –∞–≤–≥—É—Å—Ç–∞ 2020 –≥.\n\n[–ü–æ–¥—Ä–æ–±–Ω–µ–µ –æ –¥–∏—Å—Ç–∞–Ω—Ü–∏–æ–Ω–Ω–æ–º –≤—Å—Ç—É–ø–∏—Ç–µ–ª—å–Ω–æ–º —ç–∫–∑–∞–º–µ–Ω–µ](https://abit.itmo.ru/page/79/#Dist%20ekz)\n\n
–í —Å–≤—è–∑–∏ —Å —É—Ö—É–¥—à–∞—é—â–µ–π—Å—è –æ–±—Å—Ç–∞–Ω–æ–≤–∫–æ–π –≤ –º–∏—Ä–µ, —Å–≤—è–∑–∞–Ω–Ω–æ–π —Å –∫–æ—Ä–æ–Ω–∞–≤–∏—Ä—É—Å–æ–º, –µ—Å—Ç—å –≤–µ—Ä–æ—è—Ç–Ω–æ—Å—Ç—å, —á—Ç–æ –≤—Å–µ —ç–∫–∑–∞–º–µ–Ω—ã –±—É–¥—É—Ç –¥–∏—Å—Ç–∞–Ω—Ü–∏–æ–Ω–Ω—ã–º–∏. –°–ª–µ–¥–∏ –∑–∞ –æ–±—ä—è–≤–ª–µ–Ω–∏—è–º–∏ –Ω–∞ —Å–∞–π—Ç–µ!"
–ö–æ–Ω–∫—É,"üèÜ*–ö–æ–Ω–∫—É—Ä—Å –ü–æ—Ä—Ç—Ñ–æ–ª–∏–æ*\n\n–ö–æ–Ω–∫—É—Ä—Å –ø–æ—Ä—Ç—Ñ–æ–ª–∏–æ —É–∂–µ –∏–¥–µ—Ç, —Ç—ã –º–æ–∂–µ—à—å –∑–∞–ø–æ–ª–Ω–∏—Ç—å –∞–Ω–∫–µ—Ç—É –≤ –ª–∏—á–Ω–æ–º –∫–∞–±–∏–Ω–µ—Ç–µ –Ω–∞ —Å–∞–π—Ç–µ –ü–æ—Å—Ç—É–ø–ª–µ–Ω–∏–µ 2020 –∏ –ø—Ä–∏–∫—Ä–µ–ø–∏—Ç—å –ø–æ—Ä—Ç—Ñ–æ–ª–∏–æ –¥–ª—è –ø–æ—Å—Ç—É–ø–ª–µ–Ω–∏—è –Ω–∞ –º–∞–≥–∏—Å—Ç–µ—Ä—Å–∫—É—é –ø—Ä–æ–≥—Ä–∞–º–º—É.\n\n
[–ü–æ–¥—Ä–æ–±–Ω–µ–µ](https://abit.itmo.ru/page/53/)\n\n–ü–æ–¥–∞—á–∞ –∑–∞—è–≤–∫–∏ —Å –ø–æ—Ä—Ç—Ñ–æ–ª–∏–æ —Å 1 —Ñ–µ–≤—Ä–∞–ª—è 2020 –≥–æ–¥–∞ –ø–æ 8 –∏—é–Ω—è 2020 –≥–æ–¥–∞. –†–µ–∑—É–ª—å—Ç–∞—Ç—ã –∫–æ–Ω–∫—É—Ä—Å–∞ - 20 –∏—é–Ω—è 2020 –≥–æ–¥–∞.\n\n–ï—Å–ª–∏ —Ç—ã –Ω–µ –ø—Ä–æ—Ö–æ–¥–∏—à—å –ø–æ –∫–æ–Ω–∫—É—Ä—Å—É –ü–æ—Ä—Ç—Ñ–æ–ª–∏–æ –Ω–∞ –Ω–∞—à—É –ø—Ä–æ–≥—Ä–∞–º–º—É, —É —Ç–µ–±—è –±—É–¥–µ—Ç —à–∞–Ω—Å –ø–æ–¥–∞—Ç—å –¥–æ–∫—É–º–µ–Ω—Ç—ã –Ω–∞ —É—á–∞—Å—Ç–∏–µ –≤–æ –≤—Å—Ç—É–ø–∏—Ç–µ–ª—å–Ω–æ–º —ç–∫–∑–∞–º–µ–Ω–µ –¥–æ 3 –∞–≤–≥—É—Å—Ç–∞ 2020 –≥–æ–¥–∞. 
"
–Ø - –ü,"üèÜ*–Ø - –ü—Ä–æ—Ñ–µ—Å—Å–∏–æ–Ω–∞–ª*\n\n–ú—ã –∞–≤—Ç–æ–º–∞—Ç–∏—á–µ—Å–∫–∏ –ø—Ä–∏–Ω–∏–º–∞–µ–º –Ω–∞ –ø—Ä–æ–≥—Ä–∞–º–º—É –ø–æ–±–µ–¥–∏—Ç–µ–ª–µ–π –æ–ª–∏–º–ø–∏–∞–¥—ã ‚Äú–Ø - –ø—Ä–æ—Ñ–µ—Å—Å–∏–æ–Ω–∞–ª‚Äù –ø–æ —Å–ª–µ–¥—É—é—â–∏–º –Ω–∞–ø—Ä–∞–≤–ª–µ–Ω–∏—è–º:\n\n
–ò—Å–∫—É—Å—Å—Ç–≤–µ–Ω–Ω—ã–π –∏–Ω—Ç–µ–ª–ª–µ–∫—Ç\n–ü—Ä–æ–≥—Ä–∞–º–º–∏—Ä–æ–≤–∞–Ω–∏–µ –∏ –∏–Ω—Ñ–æ—Ä–º–∞—Ü–∏–æ–Ω–Ω—ã–µ —Ç–µ—Ö–Ω–æ–ª–æ–≥–∏–∏\n–Ø–∑—ã–∫–æ–∑–Ω–∞–Ω–∏–µ –∏ –ª–∏—Ç–µ—Ä–∞—Ç—É—Ä–æ–≤–µ–¥–µ–Ω–∏–µ\n\n–ï—Å–ª–∏ —Ç—ã —è–≤–ª—è–µ—à—å—Å—è –ø–æ–±–µ–¥–∏—Ç–µ–ª–µ–º –æ–ª–∏–º–ø–∏–∞–¥—ã –ø–æ –ø–µ—Ä–µ—á–∏—Å–ª–µ–Ω–Ω—ã–º –Ω–∞–ø—Ä–∞–≤–ª–µ–Ω–∏—è–º, –ø–æ–∂–∞–ª—É–π—Å—Ç–∞, –æ–∑–Ω–∞–∫–æ–º—å—Å—è —Å –∏–Ω—Ñ–æ—Ä–º–∞—Ü–∏–µ–π –≤ –ø—Ä–∞–≤–∏–ª–∞—Ö –ø—Ä–∏–µ–º–∞: https://abit.itmo.ru/page/79/#razdel4 (–ø—É–Ω–∫—Ç 4.18)"
–ö–ú–£,"üéì*–ö–ú–£*\n\n–ü–æ–¥–∞—á–∞ –∑–∞—è–≤–æ–∫ –Ω–∞ –ö–æ–Ω–≥—Ä–µ—Å—Å –º–æ–ª–æ–¥—ã—Ö —É—á–µ–Ω—ã—Ö —É–∂–µ, –∫ —Å–æ–∂–∞–ª–µ–Ω–∏—é –ø—Ä–æ—à–ª–∞. –†–µ–∑—É–ª—å—Ç–∞—Ç—ã –±—É–¥—É—Ç –æ–±—ä—è–≤–ª–µ–Ω—ã –¥–æ 18 –∞–ø—Ä–µ–ª—è 2020 –≥–æ–¥–∞.\n\n–ï—Å–ª–∏ —Ç—ã —è–≤–ª—è–µ—à—å—Å—è –ø–æ–±–µ–¥–∏—Ç–µ–ª–µ–º –¥–æ–∫–ª–∞–¥–æ–≤ –ö–æ–Ω–≥—Ä–µ—Å—Å–∞ –º–æ–ª–æ–¥—ã—Ö —É—á–µ–Ω—ã—Ö –ø–æ –Ω–∞–ø—Ä–∞–≤–ª–µ–Ω–∏—é ‚Äú–ú–µ–∂–¥–∏—Å—Ü–∏–ø–ª–∏–Ω–∞—Ä–Ω—ã–µ –∏—Å—Å–ª–µ–¥–æ–≤–∞–Ω–∏—è‚Äù –≤ 2020 –≥–æ–¥—É, –ø–æ–∂–∞–ª—É–π—Å—Ç–∞, –æ–∑–Ω–∞–∫–æ–º—å—Ç–µ—Å—å —Å –∏–Ω—Ñ–æ—Ä–º–∞—Ü–∏–µ–π –≤ [—Å–æ–æ—Ç–≤–µ—Ç—Å—Ç–≤—É—é—â–µ–º —Ä–∞–∑–¥–µ–ª–µ –ø—Ä–∞–≤–∏–ª –ø—Ä–∏–µ–º–∞](https://abit.itmo.ru/page/79/#KMU%20pravila) 2020 –≥–æ–¥–∞."
–ò–Ω—Ñ–æ—Ä–º–∞—Ü–∏—è –æ –ø–æ—Å—Ç—É–ø–ª–µ–Ω–∏–∏,"‚ùóÔ∏è*–ò–Ω—Ñ–æ—Ä–º–∞—Ü–∏—è –æ –ø–æ—Å—Ç—É–ø–ª–µ–Ω–∏–∏*\n\n*–§–æ—Ä–º–∞ –æ–±—É—á–µ–Ω–∏—è*: –û—á–Ω–∞—è, 2 –≥–æ–¥–∞\n*–ö–æ–ª–∏—á–µ—Å—Ç–≤–æ –º–µ—Å—Ç*: 25 –±—é–¥–∂–µ—Ç–Ω—ã—Ö, 15 –∫–æ–Ω—Ç—Ä–∞–∫—Ç–Ω—ã—Ö\n\n*–í—Å—Ç—É–ø–∏—Ç–µ–ª—å–Ω—ã–µ –∏—Å–ø—ã—Ç–∞–Ω–∏—è*:\n1. –í—Å—Ç—É–ø–∏—Ç–µ–ª—å–Ω—ã–π —ç–∫–∑–∞–º–µ–Ω / –î–∏—Å—Ç–∞–Ω—Ü–∏–æ–Ω–Ω—ã–π —ç–∫–∑–∞–º–µ–Ω\n2. –ö–æ–Ω–∫—É—Ä—Å –ø–æ—Ä—Ç—Ñ–æ–ª–∏–æ\n3. –ú–µ–¥–∞–ª–∏—Å—Ç/–ø–æ–±–µ–¥–∏—Ç–µ–ª—å ""–Ø-–ø—Ä–æ—Ñ–µ—Å—Å–∏–æ–Ω–∞–ª‚Äú\n4. –ö–æ–Ω–∫—É—Ä—Å –¥–æ–∫–ª–∞–¥–æ–≤ ¬´–ö–æ–Ω–≥—Ä–µ—Å—Å –º–æ–ª–æ–¥—ã—Ö —É—á–µ–Ω—ã—Ö¬ª\n\n*–Ø–∑—ã–∫ –æ–±—É—á–µ–Ω–∏—è*: –∞–Ω–≥–ª–∏–π—Å–∫–∏–π/ —Ä—É—Å—Å–∫–∏–π\n*–°—Ç–æ–∏–º–æ—Å—Ç—å –æ–±—É—á–µ–Ω–∏—è*:\n242 000 –¥–ª—è –≥—Ä–∞–∂–¥–∞–Ω –†–§\n262 000 –¥–ª—è –∏–Ω–æ—Å—Ç—Ä–∞–Ω–Ω—ã—Ö –≥—Ä–∞–∂–¥–∞–Ω\n\n*–ù–∞—á–∞–ª–æ –æ–±—É—á–µ–Ω–∏—è*: —Å–µ–Ω—Ç—è–±—Ä—å 2020"
–ò–Ω—Ñ–æ—Ä–º–∞—Ü–∏—è –æ –ø—Ä–æ–≥—Ä–∞–º–º–µ,"üíô*–ò–Ω—Ñ–æ—Ä–º–∞—Ü–∏—è –æ –ø—Ä–æ–≥—Ä–∞–º–º–µ*\n\n¬´Data, Culture and Visualization¬ª ‚Äî –æ–¥–Ω–∞ –∏–∑ –Ω–µ–º–Ω–æ–≥–∏—Ö –≤ –†–æ—Å—Å–∏–∏ –º–∞–≥–∏—Å—Ç—Ä–∞—Ç—É—Ä, –Ω–∞–ø—Ä–∞–≤–ª–µ–Ω–Ω–∞—è –Ω–∞ –ø–æ–¥–≥–æ—Ç–æ–≤–∫—É –≤–æ—Å—Ç—Ä–µ–±–æ–≤–∞–Ω–Ω—ã—Ö —Å–ø–µ—Ü–∏–∞–ª–∏—Å—Ç–æ–≤ –≤ —Å—Ñ–µ—Ä–µ Digital Humanities. –ß—Ç–æ —ç—Ç–æ —Ç–∞–∫–æ–µ? –¶–∏—Ñ—Ä–æ–≤—ã–µ –≥—É–º–∞–Ω–∏—Ç–∞—Ä–Ω—ã–µ –Ω–∞—É–∫–∏ (–∏–ª–∏ Digital Humanities) - —ç—Ç–æ –º–µ–∂–¥–∏—Å—Ü–∏–ø–ª–∏–Ω–∞—Ä–Ω–∞—è –æ–±–ª–∞—Å—Ç—å, –≤ –∫–æ—Ç–æ—Ä–æ–π –æ–±—ä–µ–¥–∏–Ω—è—é—Ç—Å—è –∫–ª–∞—Å—Å–∏—á–µ—Å–∫–∞—è –º–µ—Ç–æ–¥–æ–ª–æ–≥–∏—è –≥—É–º–∞–Ω–∏—Ç–∞—Ä–Ω—ã—Ö –Ω–∞—É–∫ –∏ –∫–æ–º–ø—å—é—Ç–µ—Ä–Ω—ã–µ –Ω–∞—É–∫–∏. Digital humanities –≤–∫–ª—é—á–∞—é—Ç –≤ —Å–µ–±—è —Å–æ–∑–¥–∞–Ω–∏–µ —Ü–∏—Ñ—Ä–æ–≤—ã—Ö –∞—Ä—Ö–∏–≤–æ–≤, —Ç–µ–∫—Å—Ç–æ–≤—ã—Ö –∫–æ–ª–ª–µ–∫—Ü–∏–π, –≤–∏—Ä—Ç—É–∞–ª—å–Ω—ã—Ö –º—É–∑–µ–µ–≤, –±–∞–∑ –¥–∞–Ω–Ω—ã—Ö, –∞–Ω–∞–ª–∏–∑ —Å–æ–±—Ä–∞–Ω–Ω—ã—Ö –¥–∞–Ω–Ω—ã—Ö –∏ –≤–∏–∑—É–∞–ª–∏–∑–∞—Ü–∏—é —Ä–µ–∑—É–ª—å—Ç–∞—Ç–æ–≤. –í —Ç–∞–∫–æ–º –º–Ω–æ–≥–æ–≥—Ä–∞–Ω–Ω–æ–º –∏—Å—Å–ª–µ–¥–æ–≤–∞—Ç–µ–ª—å—Å–∫–æ–º –ø–æ–ª–µ —Å–ª–æ–∂–Ω–æ –Ω–µ –ø–æ—Ç–µ—Ä—è—Ç—å—Å—è, –¥–ª—è —ç—Ç–æ–≥–æ –∏ —Å—É—â–µ—Å—Ç–≤—É–µ—Ç –Ω–∞—à–∞ –º–∞–≥–∏—Å—Ç–µ—Ä—Å–∫–∞—è –ø—Ä–æ–≥—Ä–∞–º–º–∞ - –ø–æ–º–æ—á—å –∑–∞–∏–Ω—Ç–µ—Ä–µ—Å–æ–≤–∞–Ω–Ω—ã–º –≤ —Ü–∏—Ñ—Ä–æ–≤–∏–∑–∞—Ü–∏–∏ –≥—É–º–∞–Ω–∏—Ç–∞—Ä–Ω–æ–≥–æ –∑–Ω–∞–Ω–∏—è –º–æ–ª–æ–¥—ã–º —É—á–µ–Ω—ã–º –Ω–∞–π—Ç–∏ —Å–≤–æ—é —Ç–µ–º—É –∏ —Ä–∞–∑–≤–∏–≤–∞—Ç—å —Å–≤–æ–µ –∏—Å—Å–ª–µ–¥–æ–≤–∞–Ω–∏–µ –≤ –Ω–æ–≤–æ–º –Ω–∞–ø—Ä–∞–≤–ª–µ–Ω–∏–∏.\n\n–°—Ç—É–¥–µ–Ω—Ç—ã –Ω–∞—à–µ–π –ø—Ä–æ–≥—Ä–∞–º–º—ã –∏–º–µ—é—Ç –º–Ω–æ–≥–æ—á–∏—Å–ª–µ–Ω–Ω—ã–µ –≤–æ–∑–º–æ–∂–Ω–æ—Å—Ç–∏ –≤–æ –≤—Ä–µ–º—è –æ–±—É—á–µ–Ω–∏—è –≤ –º–∞–≥–∏—Å—Ç—Ä–∞—Ç—É—Ä–µ. –í–æ-–ø–µ—Ä–≤—ã—Ö, –Ω–∞—à–∞ –ø—Ä–æ–≥—Ä–∞–º–º–∞ –ø—Ä–µ–¥–æ—Å—Ç–∞–≤–ª—è–µ—Ç –≤–æ–∑–º–æ–∂–Ω–æ—Å—Ç—å –æ–±–º–µ–Ω–Ω–æ–≥–æ —Å–µ–º–µ—Å—Ç—Ä–∞ –≤ –≤–µ–¥—É—â–∏—Ö –≤—É–∑–∞—Ö –º–∏—Ä–∞. –í–æ-–≤—Ç–æ—Ä—ã—Ö, –ø–æ–º–∏–º–æ –æ–±–º–µ–Ω–Ω–æ–≥–æ —Å–µ–º–µ—Å—Ç—Ä–∞, –ø—Ä–æ–≥—Ä–∞–º–º–∞ –ø—Ä–µ–¥–æ—Å—Ç–∞–≤–ª—è–µ—Ç –≤–æ–∑–º–æ–∂–Ω–æ—Å—Ç—å —É—á–∞—Å—Ç–∏—è –≤ –º–µ–∂–¥—É–Ω–∞—Ä–æ–¥–Ω—ã—Ö —Å–µ–º–∏–Ω–∞—Ä–∞—Ö, –∫–æ–Ω—Ñ–µ—Ä–µ–Ω—Ü–∏—è—Ö –∏ —Ä–∞–∑–ª–∏—á–Ω—ã—Ö —à–∫–æ–ª–∞—Ö, –∫–æ—Ç–æ—Ä—ã–µ –ø—Ä–æ–≤–æ–¥—è—Ç –∫–∞–∫ —Ä–æ—Å—Å–∏–π—Å–∫–∏–µ —Ç–∞–∫ –∏ –∑–∞—Ä—É–±–µ–∂–Ω—ã–µ —É–Ω–∏–≤–µ—Ä—Å–∏—Ç–µ—Ç—ã. –ü–æ–º–∏–º–æ –≤—Å–µ–≥–æ –ø—Ä–æ—á–µ–≥–æ, —Å—Ç—É–¥–µ–Ω—Ç—ã —Å–º–æ–≥—É—Ç —É—á–∞—Å—Ç–≤–æ–≤–∞—Ç—å –≤ –º–µ—Ä–æ–ø—Ä–∏—è—Ç–∏—è—Ö, –∫–æ—Ç–æ—Ä—ã–µ –æ—Ä–≥–∞–Ω–∏–∑—É–µ—Ç DH Center, –Ω–∞–ø—Ä–∏–º–µ—Ä, –µ–∂–µ–≥–æ–¥–Ω—ã–π —Ñ–µ—Å—Ç–∏–≤–∞–ª—å —Ü–∏—Ñ—Ä–æ–≤—ã—Ö –≥—É–º–∞–Ω–∏—Ç–∞—Ä–Ω—ã—Ö –Ω–∞—É–∫ SPBDHWeek. –í-—Ç—Ä–µ—Ç—å–∏—Ö, —Å—Ç—É–¥–µ–Ω—Ç—ã —É–∂–µ –≤–æ –≤—Ä–µ–º—è —Å–≤–æ–µ–≥–æ –æ–±—É—á–µ–Ω–∏—è –∏–º–µ—é—Ç –≤–æ–∑–º–æ–∂–Ω–æ—Å—Ç—å –ø—Ä–æ—è–≤–∏—Ç—å –ø–æ–ª—É—á–µ–Ω–Ω—ã–µ –Ω–∞–≤—ã–∫–∏ –∏ –∑–Ω–∞–Ω–∏—è –≤ —Ä–µ–∞–ª—å–Ω—ã—Ö –ø—Ä–æ–µ–∫—Ç–∞—Ö DH Center –≤ —É–Ω–∏–≤–µ—Ä—Å–∏—Ç–µ—Ç–µ –ò–¢–ú–û. –ü–æ–¥—Ä–æ–±–Ω–µ–µ –æ –ø—Ä–æ–µ–∫—Ç–∞—Ö, –∫–æ—Ç–æ—Ä—ã–º–∏ –∑–∞–Ω–∏–º–∞–µ—Ç—Å—è —Ü–µ–Ω—Ç—Ä —Ü–∏—Ñ—Ä–æ–≤—ã—Ö –≥—É–º–∞–Ω–∏—Ç–∞—Ä–Ω—ã—Ö –∏—Å—Å–ª–µ–¥–æ–≤–∞–Ω–∏–π –º–æ–∂–Ω–æ –ø–æ—á–∏—Ç–∞—Ç—å –Ω–∞ –Ω–∞—à–µ–º [—Å–∞–π—Ç–µ](dh.itmo.ru).
"
–ö—É–ª—å—Ç,"üìà*–ö—É–ª—å—Ç—É—Ä–Ω–∞—è –∞–Ω–∞–ª–∏—Ç–∏–∫–∞*\n\n–°–ø–µ—Ü–∏–∞–ª—å–Ω–æ—Å—Ç—å ‚Äú–ö—É–ª—å—Ç—É—Ä–Ω–∞—è –∞–Ω–∞–ª–∏—Ç–∏–∫–∞‚Äù —Ä–∞—Å—Å—á–∏—Ç–∞–Ω–∞ –≤ –ø–µ—Ä–≤—É—é –æ—á–µ—Ä–µ–¥—å –Ω–∞ —Ç–µ—Ö, –∫—Ç–æ –∏–Ω—Ç–µ—Ä–µ—Å—É–µ—Ç—Å—è –∞–Ω–∞–ª–∏–∑–æ–º —Å–æ—Ü–∏–∞–ª—å–Ω—ã—Ö —Å–µ—Ç–µ–π —Å —Ç–æ—á–∫–∏ –∑—Ä–µ–Ω–∏—è –≤—ã—è–≤–ª–µ–Ω–∏—è –∏ –∏–Ω—Ç–µ—Ä–ø—Ä–µ—Ç–∞—Ü–∏–∏ –∫—É–ª—å—Ç—É—Ä–Ω—ã—Ö —Ç—Ä–µ–Ω–¥–æ–≤ –∏ —Ç–µ–Ω–¥–µ–Ω—Ü–∏–π –∏ —Ö–æ—á–µ—Ç —Ä–∞–∑–≤–∏–≤–∞—Ç—å—Å—è –≤ –¥–∞–Ω–Ω–æ–π —Å—Ñ–µ—Ä–µ. –¢—Ä–µ–∫ –∫—É—Ä–∏—Ä—É–µ—Ç –≤–µ–¥—É—â–∏–π –º–µ–¥–∏–∞—Ç–µ–æ—Ä–µ—Ç–∏–∫ –º–∏—Ä–∞ –õ–µ–≤ –ú–∞–Ω–æ–≤–∏—á. –û—Å–Ω–æ–≤–Ω—ã–º–∏ –ø—Ä–µ–¥–º–µ—Ç–∞–º–∏ —Å–ø–µ—Ü–∏–∞–ª—å–Ω–æ—Å—Ç–∏ —è–≤–ª—è—é—Ç—Å—è *–ö—Ä–∏—Ç–∏—á–µ—Å–∫–∞—è —Ç–µ–æ—Ä–∏—è —Ü–∏—Ñ—Ä–æ–≤—ã—Ö –º–µ–¥–∏–∞*, *–¢–µ–æ—Ä–∏—è –∏ –ø—Ä–∞–∫—Ç–∏–∫–∏ –ò–Ω—Ç–µ—Ä–Ω–µ—Ç-–∏—Å—Å–ª–µ–¥–æ–≤–∞–Ω–∏–π*, –∞ —Ç–∞–∫–∂–µ *–ú–µ—Ç–æ–¥—ã –º–∞—à–∏–Ω–Ω–æ–≥–æ –æ–±—É—á–µ–Ω–∏—è –≤ –∫—É–ª—å—Ç—É—Ä–Ω–æ–π –∞–Ω–∞–ª–∏—Ç–∏–∫–µ*. –ù–∞ —ç—Ç–æ–º —Ç—Ä–µ–∫–µ –º—ã –Ω–∞—É—á–∏–º —Ç–µ–±—è –ø–æ–ª—å–∑–æ–≤–∞—Ç—å—Å—è —Ä–∞–∑–Ω–æ–æ–±—Ä–∞–∑–Ω—ã–º–∏ —Ü–∏—Ñ—Ä–æ–≤—ã–º–∏ –º–µ—Ç–æ–¥–∞–º–∏ –¥–ª—è —ç—Ñ—Ñ–µ–∫—Ç–∏–≤–Ω–æ–≥–æ –∞–Ω–∞–ª–∏–∑–∞ –∫–æ–Ω—Ç–µ–Ω—Ç–∞ —Å–æ—Ü–∏–∞–ª—å–Ω—ã—Ö —Å–µ—Ç–µ–π –∏ –µ–≥–æ –≤–∏–∑—É–∞–ª–∏–∑–∞—Ü–∏–∏.\n\n*–Ø–∑—ã–∫ —Å–ø–µ—Ü–∏–∞–ª—å–Ω–æ—Å—Ç–∏*: –∞–Ω–≥–ª–∏–π—Å–∫–∏–π\n\n*–ö—É—Ä—Å—ã*:\n‚úÖ–ö—Ä–∏—Ç–∏—á–µ—Å–∫–∞—è —Ç–µ–æ—Ä–∏—è —Ü–∏—Ñ—Ä–æ–≤—ã—Ö –º–µ–¥–∏–∞ (4 –∫—Ä–µ–¥–∏—Ç–∞)\n‚úÖ–ê–Ω–∞–ª–∏–∑ —Å–æ—Ü–∏–∞–ª—å–Ω—ã—Ö —Å–µ—Ç–µ–π (4 –∫—Ä–µ–¥–∏—Ç–∞)\n‚úÖ –ú–µ—Ç–æ–¥—ã –º–∞—à–∏–Ω–Ω–æ–≥–æ –æ–±—É—á–µ–Ω–∏—è –≤ –∫—É–ª—å—Ç—É—Ä–Ω–æ–π –∞–Ω–∞–ª–∏—Ç–∏–∫–µ (5 –∫—Ä–µ–¥–∏—Ç–æ–≤)\n‚úÖ–¢–µ–æ—Ä–∏—è –∏ –ø—Ä–∞–∫—Ç–∏–∫–∏ –ò–Ω—Ç–µ—Ä–Ω–µ—Ç- –∏—Å—Å–ª–µ–¥–æ–≤–∞–Ω–∏–π (4 –∫—Ä–µ–¥–∏—Ç–∞)"
–¶–∏—Ñ—Ä–æ,"üìà*–¶–∏—Ñ—Ä–æ–≤—ã–µ –≥—É–º–∞–Ω–∏—Ç–∞—Ä–Ω—ã–µ –∏—Å—Å–ª–µ–¥–æ–≤–∞–Ω–∏—è*\n\n–°–ø–µ—Ü–∏–∞–ª—å–Ω–æ—Å—Ç—å ‚Äú–¶–∏—Ñ—Ä–æ–≤—ã–µ –≥—É–º–∞–Ω–∏—Ç–∞—Ä–Ω—ã–µ –∏—Å—Å–ª–µ–¥–æ–≤–∞–Ω–∏—è‚Äù —Ä–∞—Å—Å—á–∏—Ç–∞–Ω–∞ –Ω–∞ –Ω–∞—á–∏–Ω–∞—é—â–∏—Ö –∏—Å—Å–ª–µ–¥–æ–≤–∞—Ç–µ–ª–µ–π –≤ —Ä–∞–∑–ª–∏—á–Ω—ã—Ö –æ–±–ª–∞—Å—Ç—è—Ö –≥—É–º–∞–Ω–∏—Ç–∞—Ä–Ω—ã—Ö –Ω–∞—É–∫, –∫–æ—Ç–æ—Ä—ã–º –Ω–µ —Ö–≤–∞—Ç–∞–µ—Ç –∑–Ω–∞–Ω–∏—è —Å–æ–≤—Ä–µ–º–µ–Ω–Ω—ã—Ö —Ü–∏—Ñ—Ä–æ–≤—ã—Ö –º–µ—Ç–æ–¥–æ–≤. –ù–∞ —ç—Ç—É –ø—Ä–æ–≥—Ä–∞–º–º—É –º—ã –∂–¥–µ–º —Ä–∞–∑–Ω–æ–æ–±—Ä–∞–∑–Ω—ã—Ö —Å–ø–µ—Ü–∏–∞–ª–∏—Å—Ç–æ–≤: —Ñ–∏–ª–æ—Å–æ—Ñ–æ–≤–æ–≤, –∏—Å—Ç–æ—Ä–∏–∫–æ–≤, –ª–∏–Ω–≥–≤–∏—Å—Ç–æ–≤, —Ñ–∏–ª–æ–ª–æ–≥–æ–≤, —Å–æ—Ü–∏–æ–ª–æ–≥–æ–≤, –ø–æ–ª–∏—Ç–æ–ª–æ–≥–æ–≤, –∫—É–ª—å—Ç—É—Ä–æ–ª–æ–≥–æ–≤ –∏ –¥—Ä. –ù–∞ —Ç—Ä–µ–∫ ‚Äú–¶–∏—Ñ—Ä–æ–≤—ã–µ –≥—É–º–∞–Ω–∏—Ç–∞—Ä–Ω—ã–µ –∏—Å—Å–ª–µ–¥–æ–≤–∞–Ω–∏—è‚Äù —Ç—ã –Ω–∞—É—á–∏—à—å—Å—è —Ä–∞–±–æ—Ç–∞—Ç—å –≤ –º–µ–∂–¥–∏—Å—Ü–∏–ø–ª–∏–Ω–∞—Ä–Ω–æ–π —Å—Ñ–µ—Ä–µ, —Ä–∞–±–æ—Ç–∞—è –≤–º–µ—Å—Ç–µ —Å–æ —Å–≤–æ–∏–º–∏ –∫–æ–ª–ª–µ–≥–∞–º–∏ –Ω–∞–¥ —Ä–∞–∑–ª–∏—á–Ω—ã–º–∏ –ø—Ä–æ–µ–∫—Ç–∞–º–∏, –∞ —Ç–∞–∫–∂–µ –ø–æ–ª—É—á–∏—à—å —Ç–∞–∫–∏–µ —Ç–µ—Ö–Ω–æ–ª–æ–≥–∏—á–µ—Å–∫–∏–µ –Ω–∞–≤—ã–∫–∏ –∫–∞–∫ –º—ç–ø–ø–∏–Ω–≥ –≥–µ–æ–¥–∞–Ω–Ω—ã—Ö, —Ä–∞–∑—Ä–∞–±–æ—Ç–∫–∞ –±–∞–∑ –¥–∞–Ω–Ω—ã—Ö, –≤–∏–∑—É–∞–ª–∏–∑–∞—Ü–∏—è –¥–∞–Ω–Ω—ã—Ö –∏ —Ç–∞–∫ –¥–∞–ª–µ–µ.\n\n*–Ø–∑—ã–∫ —Å–ø–µ—Ü–∏–∞–ª—å–Ω–æ—Å—Ç–∏*: —Ä—É—Å—Å–∫–∏–π\n\n*–ö—É—Ä—Å—ã*:\n‚úÖ–í–≤–µ–¥–µ–Ω–∏–µ –≤ —Ü–∏—Ñ—Ä–æ–≤—ã–µ –≥—É–º–∞–Ω–∏—Ç–∞—Ä–Ω—ã–µ –Ω–∞—É–∫–∏ (4 –∫—Ä–µ–¥–∏—Ç–∞)\n‚úÖ –ú—ç–ø–ø–∏–Ω–≥ –∏ –≥–µ–æ–∏–Ω—Ñ–æ—Ä–º–∞—Ü–∏–æ–Ω–Ω—ã–µ —Å–∏—Å—Ç–µ–º—ã –≤ –≥—É–º–∞–Ω–∏—Ç–∞—Ä–Ω—ã—Ö –Ω–∞—É–∫–∞—Ö (4 –∫—Ä–µ–¥–∏—Ç–∞)\n‚úÖ–ú–µ—Ç–æ–¥—ã –º–∞—à–∏–Ω–Ω–æ–≥–æ –æ–±—É—á–µ–Ω–∏—è –≤ —Ü–∏—Ñ—Ä–æ–≤—ã—Ö –≥—É–º–∞–Ω–∏—Ç–∞—Ä–Ω—ã—Ö –∏—Å—Å–ª–µ–¥–æ–≤–∞–Ω–∏—è—Ö (–ö–†) (5 –∫—Ä–µ–¥–∏—Ç–æ–≤)\n‚úÖ–†–∞–∑—Ä–∞–±–æ—Ç–∫–∞ –±–∞–∑ –¥–∞–Ω–Ω—ã—Ö (4 –∫—Ä–µ–¥–∏—Ç–∞)"